source	chapter_or_area	code_pass	prose_pass	second_pass	notes
official-book	all chapters	pending	pending	pending	Read front to back; equation labels beat page numbers when available.
upstream-m2	preface	pending	n/a	pending	chapter.m2 and test.m2
upstream-m2	varieties	source-and-semantic-output-complete	n/a	pending	chapter.m2/test.m2 literal source complete; original/current computational outputs audited. Defining/generator polynomials expanded individually. Large 65/690 standard-monomial basis matrices retained as structured basis records, with singled-out degree-19 entries expanded.
upstream-m2	geometry	source-and-semantic-output-complete	n/a	pending	chapter.m2/test.m2/mystery.m2 and test.oldvalues audited: defining ideals, map coordinates, resolution/Jacobian/cotangent matrices, canonical and plane models cataloged; numerical Betti/cohomology outputs introduce no additional polynomials
upstream-m2	programming	pending	n/a	pending	chapter.m2 and test.m2
upstream-m2	schemes	source-literals-complete; output-pending	n/a	pending	chapter.m2/test.m2 literal polynomial and source-level composite inventory complete; test.oldvalues/eliminant/discriminant/blow-up/Fano output sweep remains
upstream-m2	monomialIdeals	pending	n/a	pending	chapter.m2 and test.m2
upstream-m2	solving	pending	n/a	pending	chapter.m2, test.m2, realroots.m2
upstream-m2	completeIntersections	pending	n/a	pending	chapter.m2, test.m2, simplify.m2
upstream-m2	toricHilbertScheme	pending	n/a	pending	chapter.m2 plus auxiliary .m2 files
upstream-m2	exterior-algebra	pending	n/a	pending	chapter.m2 and test.m2
upstream-m2	d-modules	pending	n/a	pending	chapter.m2 and test.m2
upstream-m2	constructions	pending	n/a	pending	chapter.m2 and test.m2
